题号,维度,我的答案,模型B答案,是否一致,人工审核结论
1,诊断,B,B,一致,通过（两方一致）
2,诊断,C,C,一致,通过（两方一致）
3,诊断,C,A,分歧,通过（维持C）——两模型分歧，已按真题/教材核验
4,诊断,A,A,一致,通过（两方一致）
5,诊断,A,A,一致,通过（两方一致）
6,诊断,D,D,一致,通过（两方一致）
7,诊断,A,A,一致,通过（两方一致）
8,诊断,D,D,一致,通过（两方一致）
9,诊断,D,D,一致,通过（两方一致）
10,诊断,A,A,一致,通过（两方一致）
11,诊断,A,A,一致,通过（两方一致）
12,诊断,B,B,一致,通过（两方一致）
1,用药,C,C,一致,通过（两方一致）
2,用药,B,B,一致,通过（两方一致）
3,用药,A,A,一致,通过（两方一致）
4,用药,B,B,一致,通过（两方一致）
5,用药,B,B,一致,通过（两方一致）
6,用药,D,D,一致,通过（两方一致）
7,用药,C,C,一致,通过（两方一致）
8,用药,B,B,一致,通过（两方一致）
9,用药,C,C,一致,通过（两方一致）
10,用药,D,D,一致,通过（两方一致）
11,用药,A,A,一致,通过（两方一致）
12,用药,C,C,一致,通过（两方一致）
1,指南,B,B,一致,通过（两方一致）
2,指南,A,A,一致,通过（两方一致）
3,指南,D,D,一致,通过（两方一致）
4,指南,C,C,一致,通过（两方一致）
5,指南,B,B,一致,通过（两方一致）
6,指南,A,A,一致,通过（两方一致）
7,指南,D,D,一致,通过（两方一致）
8,指南,A,A,一致,通过（两方一致）
9,指南,B,B,一致,通过（两方一致）
10,指南,C,C,一致,通过（两方一致）
11,指南,D,D,一致,通过（两方一致）
12,指南,B,D,分歧,通过（维持B≥480）——2019中国痛风指南原文
1,伦理,C,C,一致,通过（两方一致）
2,伦理,D,A,分歧,通过（维持D）——人卫《医学伦理学》P76
3,伦理,A,A,一致,通过（两方一致）
4,伦理,D,D,一致,通过（两方一致）
5,伦理,D,C,分歧,通过（维持D）——执医真题标准做法
6,伦理,D,D,一致,通过（两方一致）
7,伦理,B,B,一致,通过（两方一致）
8,伦理,C,C,一致,通过（两方一致）
9,伦理,A,A,一致,通过（两方一致）
10,伦理,C,C,一致,通过（两方一致）
11,伦理,C,C,一致,通过（两方一致）
12,伦理,C,C,一致,通过（两方一致）
